Created,GME,NIO,PLTR,PLUG,TSLA
2020-01-02 00:00:00-05:00,6.31,3.72,,3.25,430.24
2020-01-03 00:00:00-05:00,5.89,3.83,,3.225,442.75
2020-01-06 00:00:00-05:00,5.85,3.69,,3.815,451.4001
2020-01-07 00:00:00-05:00,5.52,3.25,,3.805,469.17
2020-01-08 00:00:00-05:00,5.715,3.385,,4.0675,492.09
2020-01-09 00:00:00-05:00,5.55,3.47,,4.045,481.49
2020-01-10 00:00:00-05:00,5.43,3.51,,4.14,477.96
2020-01-13 00:00:00-05:00,5.44,3.7,,4.09,524.85
2020-01-14 00:00:00-05:00,4.705,3.78,,4.035,538
2020-01-15 00:00:00-05:00,4.6,4.29,,4.19,518.505
2020-01-16 00:00:00-05:00,4.615,4.37,,4.19,513.49
2020-01-17 00:00:00-05:00,4.74,4.67,,4.1601,510.19
2020-01-21 00:00:00-05:00,4.595,5.17,,4.31,547.3007
2020-01-22 00:00:00-05:00,4.56,4.8,,4.045,569.43
2020-01-23 00:00:00-05:00,4.62,4.88,,3.92,571.9422
2020-01-24 00:00:00-05:00,4.32,4.64,,3.895,564.96
2020-01-27 00:00:00-05:00,4.275,4.0059,,3.8,557.54
2020-01-28 00:00:00-05:00,4.22,4.2,,4.0771,566.82
2020-01-29 00:00:00-05:00,4.13,4.26,,4.03,581
2020-01-30 00:00:00-05:00,3.94,4.08,,3.99,640.93
2020-01-31 00:00:00-05:00,3.85,3.775,,3.86,650.48
2020-02-03 00:00:00-05:00,3.96,4.05,,3.85,780.28
2020-02-04 00:00:00-05:00,4.08,4.51,,4.085,887.72
2020-02-05 00:00:00-05:00,4.19,4.39,,4.13,734.72
2020-02-06 00:00:00-05:00,4.14,4.08,,4.25,748.5
2020-02-07 00:00:00-05:00,3.81,3.81,,4.25,747.9808
2020-02-10 00:00:00-05:00,3.95,3.8665,,4.37,770.8467
2020-02-11 00:00:00-05:00,4.03,3.95,,4.39,774.02
2020-02-12 00:00:00-05:00,4.19,4.07,,4.47,767.44
2020-02-13 00:00:00-05:00,4.12,4.02,,4.45,803.86
2020-02-14 00:00:00-05:00,4.02,3.78,,4.4,799.9724
2020-02-18 00:00:00-05:00,4.06,3.8,,4.84,858.66
2020-02-19 00:00:00-05:00,4.15,4.085,,5.71,916.96
2020-02-20 00:00:00-05:00,4.14,4.26,,5.51,899.18
2020-02-21 00:00:00-05:00,4.04,4.08,,5.5688,901
2020-02-24 00:00:00-05:00,3.7,3.87,,5.181,833.16
2020-02-25 00:00:00-05:00,3.56,4.42,,4.82,799.11
2020-02-26 00:00:00-05:00,3.39,4.335,,4.745,778.8
2020-02-27 00:00:00-05:00,3.47,4.14,,4.04,678.85
2020-02-28 00:00:00-05:00,3.595,4.13,,4.32,667.43
2020-03-02 00:00:00-05:00,3.845,4.1,,4.365,743.69
2020-03-03 00:00:00-05:00,3.64,4.055,,4.5,745.51
2020-03-04 00:00:00-05:00,3.76,3.87,,4.75,749.5
2020-03-05 00:00:00-05:00,3.95,3.72,,4.53,723.62
2020-03-06 00:00:00-05:00,3.92,3.545,,4.32,703.39
2020-03-09 00:00:00-04:00,3.71,3.31,,3.825,606.46
2020-03-10 00:00:00-04:00,4.22,3.5,,4.14,645
2020-03-11 00:00:00-04:00,4.14,3.3202,,3.77,633.905
2020-03-12 00:00:00-04:00,3.98,3.13,,3.24,556.01
2020-03-13 00:00:00-04:00,4.59,3.11,,3.36,546.2
2020-03-16 00:00:00-04:00,4.39,2.95,,2.7,444.9801
2020-03-17 00:00:00-04:00,4.23,2.9,,3.26,430
2020-03-18 00:00:00-04:00,3.78,2.41,,2.82,361.6
2020-03-19 00:00:00-04:00,4.19,2.38,,3.105,427.295
2020-03-20 00:00:00-04:00,3.755,2.4,,3.32,427.53
2020-03-23 00:00:00-04:00,3.81,2.36,,3.43,434.29
2020-03-24 00:00:00-04:00,4.195,2.6,,3.73,504.3
2020-03-25 00:00:00-04:00,4.2,2.77,,3.82,539.175
2020-03-26 00:00:00-04:00,4.405,2.9438,,3.81,528.05
2020-03-27 00:00:00-04:00,4.2101,2.8399,,3.725,514.56
2020-03-30 00:00:00-04:00,3.65,2.7,,3.58,502.1
2020-03-31 00:00:00-04:00,3.525,2.775,,3.54,524.48
2020-04-01 00:00:00-04:00,3.25,2.64,,3.31,481.58
2020-04-02 00:00:00-04:00,2.86,2.3849,,3.38,454.47
2020-04-03 00:00:00-04:00,2.795,2.39,,3.36,480
2020-04-06 00:00:00-04:00,3.08,2.4732,,3.68,516.24
2020-04-07 00:00:00-04:00,3.28,2.68,,3.6403,545.47
2020-04-08 00:00:00-04:00,3.4,2.74,,3.809,548.7
2020-04-09 00:00:00-04:00,3.89,2.66,,3.81,573.01
2020-04-13 00:00:00-04:00,4.75,2.97,,4.115,650.9899
2020-04-14 00:00:00-04:00,5.93,3.01,,4.265,709.755
2020-04-15 00:00:00-04:00,5.265,3.195,,4.19,729.5254
2020-04-16 00:00:00-04:00,5.015,3.235,,4.475,745.6545
2020-04-17 00:00:00-04:00,4.87,3.22,,4.515,753.65
2020-04-20 00:00:00-04:00,5.57,3.1866,,4.42,746.35
2020-04-21 00:00:00-04:00,4.785,3.04,,4.21,686.72
2020-04-22 00:00:00-04:00,4.85,3.105,,4.34,731.0656
2020-04-23 00:00:00-04:00,4.685,3.05,,4.28,705.63
2020-04-24 00:00:00-04:00,4.77,2.945,,4.39,725
2020-04-27 00:00:00-04:00,5.82,3.235,,4.485,798.92
2020-04-28 00:00:00-04:00,5.62,3.36,,4.42,769.11
2020-04-29 00:00:00-04:00,5.99,3.625,,4.415,799.84
2020-04-30 00:00:00-04:00,5.73,3.405,,4.18,781.06
2020-05-01 00:00:00-04:00,6.05,3.1699,,3.93,701.31
2020-05-04 00:00:00-04:00,5.46,3.33,,4.08,761.21
2020-05-05 00:00:00-04:00,5.38,3.2999,,4.16,768.06
2020-05-06 00:00:00-04:00,4.935,3.6134,,4.175,782.45
2020-05-07 00:00:00-04:00,4.8586,3.63,,4.35,780.215
2020-05-08 00:00:00-04:00,4.96,3.78,,4.55,819.25
2020-05-11 00:00:00-04:00,4.77,3.75,,4.33,810.48
2020-05-12 00:00:00-04:00,4.54,3.6201,,4.27,809.21
2020-05-13 00:00:00-04:00,4.2,3.45,,4.1,790.62
2020-05-14 00:00:00-04:00,4.14,3.455,,4.05,803.04
2020-05-15 00:00:00-04:00,4.23,3.385,,4.07,799.034
2020-05-18 00:00:00-04:00,4.57,3.61,,4.17,813.51
2020-05-19 00:00:00-04:00,4.44,3.695,,4.16,808
2020-05-20 00:00:00-04:00,4.42,3.49,,4.21,815.46
2020-05-21 00:00:00-04:00,4.45,3.3299,,4.17,827.75
2020-05-22 00:00:00-04:00,4.18,3.2596,,4.1,816.4
2020-05-26 00:00:00-04:00,4.42,3.8266,,4.2,818.74
2020-05-27 00:00:00-04:00,4.681,4.16,,4.33,819.955
2020-05-28 00:00:00-04:00,4.33,3.83,,4.24,805.975
2020-05-29 00:00:00-04:00,4.06,3.9799,,4.205,834.1905
2020-06-01 00:00:00-04:00,4.14,4.26,,4.29,897.875
2020-06-02 00:00:00-04:00,4.18,4.69,,4.16,881.4
2020-06-03 00:00:00-04:00,4.45,5.59,,4.16,882.51
2020-06-04 00:00:00-04:00,4.47,5.97,,4.9977,864.27
2020-06-05 00:00:00-04:00,4.14,5.595,,4.87,885.335
2020-06-08 00:00:00-04:00,4.99,5.97,,5.28,948.45
2020-06-09 00:00:00-04:00,4.955,6.68,,5.1,941.5524
2020-06-10 00:00:00-04:00,5.06,6.3,,5.655,1024.974
2020-06-11 00:00:00-04:00,4.37,5.9199,,4.75,972.41
2020-06-12 00:00:00-04:00,4.4891,6.02,,4.97,936.25
2020-06-15 00:00:00-04:00,4.69,6.83,,5.205,990.75
2020-06-16 00:00:00-04:00,4.64,6.99,,5.445,981.51
2020-06-17 00:00:00-04:00,4.76,6.84,,5.285,990.56
2020-06-18 00:00:00-04:00,4.92,7.18,,5.39,1004.02
2020-06-19 00:00:00-04:00,4.81,7.35,,5.45,1000.57
2020-06-22 00:00:00-04:00,4.87,7.44,,5.555,994.54
2020-06-23 00:00:00-04:00,4.84,7.24,,6.42,1001.66
2020-06-24 00:00:00-04:00,4.41,6.85,,7.565,960.85
2020-06-25 00:00:00-04:00,4.46,7.0775,,7.33,985.98
2020-06-26 00:00:00-04:00,4.38,6.9,,6.83,960.76
2020-06-29 00:00:00-04:00,4.37,7.23,,7.99,1009.89
2020-06-30 00:00:00-04:00,4.33,7.72,,8.205,1079
2020-07-01 00:00:00-04:00,4.44,7.905,,8.8678,1119.54
2020-07-02 00:00:00-04:00,4.29,9.38,,9.1,1208.8
2020-07-06 00:00:00-04:00,4.24,11.51,,9.975,1371
2020-07-07 00:00:00-04:00,4.09,13.23,,9.335,1389.69
2020-07-08 00:00:00-04:00,4.26,12.88,,9.5,1365.8054
2020-07-09 00:00:00-04:00,4.21,14.5602,,8.95,1393.81
2020-07-10 00:00:00-04:00,4.34,15,,9.29,1546.01
2020-07-13 00:00:00-04:00,4.26,13.84,,8.31,1494.1
2020-07-14 00:00:00-04:00,4.09,14.09,,8.645,1516.385
2020-07-15 00:00:00-04:00,4.19,13.52,,9.035,1546.875
2020-07-16 00:00:00-04:00,4.17,12.95,,9.06,1500.82
2020-07-17 00:00:00-04:00,3.96,11.0875,,9,1500.45
2020-07-20 00:00:00-04:00,3.85,12.82,,8.6,1642.47
2020-07-21 00:00:00-04:00,4.015,12.88,,9.075,1567.58
2020-07-22 00:00:00-04:00,4.12,12.38,,8.955,1590.58
2020-07-23 00:00:00-04:00,4.12,12.15,,8.53,1513.68
2020-07-24 00:00:00-04:00,4.03,11.81,,8.52,1415.56
2020-07-27 00:00:00-04:00,4.01,11.7,,8.3377,1539.91
2020-07-28 00:00:00-04:00,3.95,12.27,,8.05,1475.35
2020-07-29 00:00:00-04:00,4.06,12.695,,8.19,1499.99
2020-07-30 00:00:00-04:00,4.105,12.2,,7.97,1487.42
2020-07-31 00:00:00-04:00,4.01,11.94,,7.72,1432
2020-08-03 00:00:00-04:00,4.15,13.6,,9.14,1484.98
2020-08-04 00:00:00-04:00,4.44,13.64,,9.13,1486.25
2020-08-05 00:00:00-04:00,4.63,13.92,,9.33,1485.18
2020-08-06 00:00:00-04:00,4.43,13.84,,10.73,1489.69
2020-08-07 00:00:00-04:00,4.16,13.42,,11.28,1453.1
2020-08-10 00:00:00-04:00,4.33,14.2,,12.04,1419
2020-08-11 00:00:00-04:00,4.36,12.99,,11.31,1374
2020-08-12 00:00:00-04:00,4.53,13.36,,10.635,1554.423
2020-08-13 00:00:00-04:00,4.64,,,11.37,1620.71
2020-08-14 00:00:00-04:00,4.74,,,11.4072,1651.5
2020-08-17 00:00:00-04:00,4.63,14.05,,12.195,1835.86
2020-08-18 00:00:00-04:00,4.81,14.3,,12.7627,1888.11
2020-08-19 00:00:00-04:00,4.72,14.06,,13.65,1879
2020-08-20 00:00:00-04:00,4.61,13.785,,13.665,2001.3
2020-08-21 00:00:00-04:00,5.04,14.12,,12.91,2050
2020-08-24 00:00:00-04:00,4.87,14.97,,12.3324,2015.695
2020-08-25 00:00:00-04:00,4.98,17.86,,12.845,2024.09
2020-08-26 00:00:00-04:00,5.11,20.43,,13.04,2151.93
2020-08-27 00:00:00-04:00,5.25,19.88,,12.99,2239.76
2020-08-28 00:00:00-04:00,5.39,18.51,,13.08,2213.52
2020-08-31 00:00:00-04:00,6.69,19.04,,12.96,498.51
2020-09-01 00:00:00-04:00,7.66,20.12,,14.1276,475.04
2020-09-02 00:00:00-04:00,7.71,19.93,,13.1399,447.245
2020-09-03 00:00:00-04:00,7.81,18.7,,11.55,407
2020-09-04 00:00:00-04:00,7.64,17.9699,,11.75,417.9307
2020-09-08 00:00:00-04:00,7.69,17.01,,11.73,330.02
2020-09-09 00:00:00-04:00,7.35,18.09,,12.13,366.21
2020-09-10 00:00:00-04:00,6.2282,17.74,,12.12,370.5
2020-09-11 00:00:00-04:00,6.0925,17.965,,11.71,372.4101
2020-09-14 00:00:00-04:00,6.91,18.72,,12.23,419.765
2020-09-15 00:00:00-04:00,7.08,19.19,,12.53,449.38
2020-09-16 00:00:00-04:00,8.674808,19.015,,12.94,441.76
2020-09-17 00:00:00-04:00,9.2,19.2901,,12.84,423.43
2020-09-18 00:00:00-04:00,9.45,19.4103,,13.56,440.9701
2020-09-21 00:00:00-04:00,8.75,18.8002,,13.36,449.41
2020-09-22 00:00:00-04:00,10.555,19.22,,12.91,423.974
2020-09-23 00:00:00-04:00,10.05,17.96,,12.0763,380.3885
2020-09-24 00:00:00-04:00,9.1352,17.855,,11.2452,387.63
2020-09-25 00:00:00-04:00,10.02,18.32,,11.65,407.18
2020-09-28 00:00:00-04:00,10.09,18.805,,13.2,421.0602
2020-09-29 00:00:00-04:00,10.35,20.85,,13.13,418.99
2020-09-30 00:00:00-04:00,10.21,21.2,9.54,13.4,428.97
2020-10-01 00:00:00-04:00,9.77,21.76,9.45,14,447.81
2020-10-02 00:00:00-04:00,9.39,21.2,9.19,14.135,415.2699
2020-10-05 00:00:00-04:00,9.45,21.6,9.03,15.73,425.5
2020-10-06 00:00:00-04:00,9.14,20.67,9.91,16.225,413.7001
2020-10-07 00:00:00-04:00,9.35,21.55,10,18.225,425.19
2020-10-08 00:00:00-04:00,13.505,21.44,10,17.88,425.92
2020-10-09 00:00:00-04:00,12.03,21.48,9.97,18.43,433.96
2020-10-12 00:00:00-04:00,11.7903,21.85,9.86,17.6413,442
2020-10-13 00:00:00-04:00,11.87,21.61,9.46,17.1,446.65
2020-10-14 00:00:00-04:00,12.25,26.5,9.34,17.2901,461.47
2020-10-15 00:00:00-04:00,13.82,28.08,9.9,17.03,448.88
2020-10-16 00:00:00-04:00,13.31,28.4799,9.71,16.275,439.91
2020-10-19 00:00:00-04:00,13.91,27.65,9.56,16.38,430.83
2020-10-20 00:00:00-04:00,13.86,27.96,9.3,16.29,421.97
2020-10-21 00:00:00-04:00,14.095,27.866,9.2,14.87,422.5
2020-10-22 00:00:00-04:00,14.91,27.4016,9.69,14.97,425.9
2020-10-23 00:00:00-04:00,15.03,27.16,9.48,15.03,420.615
2020-10-26 00:00:00-04:00,13.495,26.01,9.945,14.455,420.28
2020-10-27 00:00:00-04:00,12.7,28.45,10.95,14.78,424.471
2020-10-28 00:00:00-04:00,11.81,27.52,10.85,14.8,406
2020-10-29 00:00:00-04:00,11.73,32,10.75,14.78,410.64
2020-10-30 00:00:00-04:00,10.4679,30.57,10.13,14.02,388.04
2020-11-02 00:00:00-05:00,10.75,33.32,10.545,15.45,400.51
2020-11-03 00:00:00-05:00,11.56,35.51,10.5001,16.94,423.74
2020-11-04 00:00:00-05:00,10.9,37.71,10.72,16.6,420.91
2020-11-05 00:00:00-05:00,11.46,42.42,11.8802,18.83,438.09
2020-11-06 00:00:00-05:00,11.87,41.64,13.81,18.845,429.92
2020-11-09 00:00:00-05:00,11.5,44.06,14.665,20.31,421.39
2020-11-10 00:00:00-05:00,11.11,41.5489,13.9881,20.005,410.41
2020-11-11 00:00:00-05:00,11.76,43.07,15.955,22.97,417.13
2020-11-12 00:00:00-05:00,11.14,48.3427,14.64,23.43,411.73
2020-11-13 00:00:00-05:00,11.115,43.7247,15.4271,23.3,406.78
2020-11-16 00:00:00-05:00,12.07,45.5799,15.93,25,408.09
2020-11-17 00:00:00-05:00,11.64,46.5599,17.84,22.99,441.57
2020-11-18 00:00:00-05:00,11.58,45.1,17.9,23.22,486.64
2020-11-19 00:00:00-05:00,12.46,48.47,18.98,23.79,499.16
2020-11-20 00:00:00-05:00,12.71,49.25,18.14,24.37,489.44
2020-11-23 00:00:00-05:00,13.9,55.51,21.03,26.8888,521.67
2020-11-24 00:00:00-05:00,13.68,53.51,23.85,26.715,555.86
2020-11-25 00:00:00-05:00,14.75,53.69,29.0201,26.15,574
2020-11-27 00:00:00-05:00,16.05,54,27.79,26.24,585.75
2020-11-30 00:00:00-05:00,16.5678,50.5456,27.0996,26.34,566.48
2020-12-01 00:00:00-05:00,15.81,45.36,25.67,24.44,585.19
2020-12-02 00:00:00-05:00,16.59,47.95,22.455,24.0688,568.8
2020-12-03 00:00:00-05:00,16.12,45.34,24,23.84,593.28
2020-12-04 00:00:00-05:00,16.91,43.03,23.84,24.84,599
2020-12-07 00:00:00-05:00,16.32,45.11,29,24.75,642
2020-12-08 00:00:00-05:00,16.92,46.56,28.55,28.74,649.88
2020-12-09 00:00:00-05:00,13.6576,44.01,26.62,26.74,604.17
2020-12-10 00:00:00-05:00,14.12,45.22,27.0399,27.17,627.33
2020-12-11 00:00:00-05:00,13.31,41.98,27.16,26.7659,610
2020-12-14 00:00:00-05:00,12.72,41,27.24,25.7,639.79
2020-12-15 00:00:00-05:00,13.87,43.4901,26.39,28.46,632.48
2020-12-16 00:00:00-05:00,13.85,44.67,25.92,28.46,622.67
2020-12-17 00:00:00-05:00,14.83,46.025,27.2,30.54,655.725
2020-12-18 00:00:00-05:00,15.63,46.543,26.01,31.625,664.99
2020-12-21 00:00:00-05:00,15.5202,48.98,28.48,32.46,649.78
2020-12-22 00:00:00-05:00,19.43,47.6,28.04,35.67,640.09
2020-12-23 00:00:00-05:00,20.58,47.01,28.69,36.14,645.98
2020-12-24 00:00:00-05:00,20.2,45.77,27.73,35.562,661.66
2020-12-28 00:00:00-05:00,20.98,44.055,25.63,33.5689,663.77
2020-12-29 00:00:00-05:00,19.37,46.11,24.65,32.45,665.98
2020-12-30 00:00:00-05:00,19.26,48.365,25.07,34.21,694.71
2020-12-31 00:00:00-05:00,18.81,48.74,23.54,33.92,705.21
2021-01-04 00:00:00-05:00,17.24,53.4816,23.3383,32.18,729.75
2021-01-05 00:00:00-05:00,17.36,53.2,24.59,32.55,735.055
2021-01-06 00:00:00-05:00,18.39,50.5234,23.53,35,756.46
2021-01-07 00:00:00-05:00,18.12,54.25,25,47.3,816.24
2021-01-08 00:00:00-05:00,17.6899,58.91,25.2,53.7788,880.03
2021-01-11 00:00:00-05:00,19.93,62.725,25.96,53.97,811.18
2021-01-12 00:00:00-05:00,19.94,61.94,26.18,66.02,849.22
2021-01-13 00:00:00-05:00,31.44,62.1301,25.47,69.495,854.42
2021-01-14 00:00:00-05:00,39.9184,60.88,24.91,66.52,844.21
2021-01-15 00:00:00-05:00,35.49,56.27,25.645,60.14,826.16
2021-01-19 00:00:00-05:00,39.51,58.45,26.62,66.43,844.5
2021-01-20 00:00:00-05:00,39.12,57.71,26.33,62.51,850.65
2021-01-21 00:00:00-05:00,43.02,58.32,25.96,63.67,844.97
2021-01-22 00:00:00-05:00,64.85,61.95,32.515,66.8682,846.5
